{
  "id": "294040",
  "name": "faithefeng.space",
  "font_family": "iconfont",
  "css_prefix_text": "icon-",
  "description": "",
  "glyphs": [
    {
      "icon_id": "18564",
      "name": "加号",
      "font_class": "jiahao",
      "unicode": "e601",
      "unicode_decimal": 58881
    },
    {
      "icon_id": "30873",
      "name": "user",
      "font_class": "ff-user",
      "unicode": "e60e",
      "unicode_decimal": 58894
    },
    {
      "icon_id": "51899",
      "name": "phone",
      "font_class": "phone",
      "unicode": "e61c",
      "unicode_decimal": 58908
    },
    {
      "icon_id": "52247",
      "name": "mail",
      "font_class": "mail",
      "unicode": "e62f",
      "unicode_decimal": 58927
    },
    {
      "icon_id": "54368",
      "name": "weibo",
      "font_class": "weibo",
      "unicode": "e619",
      "unicode_decimal": 58905
    },
    {
      "icon_id": "113524",
      "name": "wechat",
      "font_class": "wechat",
      "unicode": "e604",
      "unicode_decimal": 58884
    },
    {
      "icon_id": "185162",
      "name": "download",
      "font_class": "download1",
      "unicode": "e63e",
      "unicode_decimal": 58942
    },
    {
      "icon_id": "206436",
      "name": "twitter",
      "font_class": "twitter",
      "unicode": "e640",
      "unicode_decimal": 58944
    },
    {
      "icon_id": "361903",
      "name": "coffee",
      "font_class": "coffee",
      "unicode": "e693",
      "unicode_decimal": 59027
    },
    {
      "icon_id": "367154",
      "name": "github",
      "font_class": "github",
      "unicode": "e85c",
      "unicode_decimal": 59484
    },
    {
      "icon_id": "462666",
      "name": "download",
      "font_class": "download",
      "unicode": "e723",
      "unicode_decimal": 59171
    },
    {
      "icon_id": "485827",
      "name": "contacts",
      "font_class": "contacts",
      "unicode": "e698",
      "unicode_decimal": 59032
    },
    {
      "icon_id": "634917",
      "name": "facebook",
      "font_class": "facebook",
      "unicode": "e67a",
      "unicode_decimal": 59002
    },
    {
      "icon_id": "1116622",
      "name": "paper",
      "font_class": "paper",
      "unicode": "e6d7",
      "unicode_decimal": 59095
    },
    {
      "icon_id": "1932791",
      "name": "researchgate",
      "font_class": "researchgate",
      "unicode": "e600",
      "unicode_decimal": 58880
    },
    {
      "icon_id": "2087575",
      "name": "sort-nume_desc",
      "font_class": "_sort-nume",
      "unicode": "e602",
      "unicode_decimal": 58882
    },
    {
      "icon_id": "2087577",
      "name": "sort-nume_asc",
      "font_class": "_sort-nume1",
      "unicode": "e603",
      "unicode_decimal": 58883
    },
    {
      "icon_id": "3577752",
      "name": "icons8-google_blog_s",
      "font_class": "icons-google_blog_s",
      "unicode": "ee6a",
      "unicode_decimal": 61034
    },
    {
      "icon_id": "8995884",
      "name": "blogs01",
      "font_class": "blogs",
      "unicode": "e60d",
      "unicode_decimal": 58893
    }
  ]
}
